title,sentiment
A less chaotic Canada Day around Victoria Park,Negative
Saga Pure ASA: Acquisition of own shares,Positive
Action on the Pass!,Positive
Cervical Traction Device For Working Mothers: Neck Pain & Posture Update,Neutral
Poker Player Gambles for His Stack with 'Big Slick' Immediately in WSOP Main Event,Negative
NZ’s Michelin stars - where the French guide got it wrong,Negative
The mornings after: The doubts following the Michelin party,Neutral
What is Portugal’s current FIFA ranking ahead of its 2026 World Cup match vs Croatia?,Neutral
"American Dream Will Host U.S. Vs. Belgium Watch Party Monday Night, July 6",Neutral
"Before the fireworks, be careful what you drink",Negative
